,Direct Average,Weighted Average,Block-Match,Text,Position,Color,CLIP,Intermediate Average
gpt4o,90.67460630233774,90.71101124300291,93.02451294802322,98.36165076357072,85.9492458289424,85.26593582704076,90.77168614411157,90.65033634189426
qwen72b_html_chartbench_mix_v3_127k-893,89.72754735700568,89.92559021360505,91.51400113397641,98.38159181875919,85.96026111975178,82.52622107127031,90.25566164127066,89.59551878593942
qwen72b_html_chart_stack_data_193k-1362,89.40926892695629,89.70827998453234,90.51377769427916,98.55582657247295,85.89294189425108,81.87716672661912,90.2066317471591,89.20992822190557
qwen72b_html_chart_code_data_v2_code_190k_1343,89.36465975830092,89.71959290404526,90.7377299772204,98.16889069027648,85.45262195061471,82.15290802644054,90.31114814695248,89.12803766113802
Qwen2-VL-72B-Instruct,87.54712972763188,88.32119807357158,89.94252474687329,97.46525684192322,83.61226875480925,77.10428631108257,89.61131198347107,87.03108416367209
dpo_qwen2vl_html_chart_stack_data_193k_origin_chart_html_origin_52k,87.05869535710889,87.64472186898334,87.81188105526402,97.92147618104943,81.7212450690786,79.2174417580449,88.62143272210744,86.66801101585925
InternVL2_5-38B,86.76735558434811,87.20810277676199,89.41088962278134,97.37579021255326,82.59272488378117,76.51469177183967,87.94268143078511,86.47352412273885
dpo_qwen2vl_mix_v3_html_chart_code37_origin_89k-500_fixed,86.66186931826223,87.49888903914504,87.43956344622535,97.41735323808459,81.13083127349057,78.4276767262276,88.89392190728306,86.10385617100704
dpo_qwen2vl_v1_code_190k_origin_chart_24k_html_mix52k-734,86.64619883786436,87.44483189004565,87.03456281658947,97.11838772859971,81.36691721197003,78.93523945514814,88.77588697701447,86.11377680307683
dpo_qwen2vl_mix_v3_html_chart_code37_origin_89k-1260_fixed,86.60566850608863,87.49626096906881,87.56068012853795,96.98316821584602,81.27428299978516,78.2296294455715,88.98058174070248,86.01194019743515
dpo_qwen2vl_mix_v3_fixed_127k_html_origin_7b_27k-386,86.59797567559953,87.3043751518791,87.60695215786886,97.4545074600399,80.9362496108915,78.51046153685232,88.48170761234503,86.12704269141315
dpo_qwen2vl_v1_raw_190k_origin_chart_24k_html_mix52k-734,86.48364364041457,87.33283117182418,87.21422431960289,96.88291712972722,81.12026274652781,78.45267028204135,88.74814372417356,85.91751861947482
dpo_qwen2vl_html_chart_stack_data_193k_origin_html_27k,86.32323440473064,87.0400498353753,87.43743232301264,97.0763520960372,80.33558880318208,78.53205658163816,88.23474221978306,85.84535745096753
dpo_qwen2vl_mix_v3_chart_dpo_v1_origin_img_24k-348,86.12455434450254,87.01654497383682,86.2916982393639,97.30394121982046,80.25595677564024,78.26797946496085,88.50319602272727,85.52989392494636
qwen2vl_html_chart_stack_data_193k,86.10558197426371,86.92516499133993,87.31082465387524,96.86748910861171,80.18754015624519,77.87091926611953,88.29113668646694,85.55919329621291
gpt-4o-mini,86.09551372775641,86.54725146546889,89.35152115231007,97.43899526398772,80.43460328075996,75.95230124673469,87.30014769498968,85.7943552359481
qwen2vl_html_code_chart_stack_256k-1811,86.09543481863777,86.93270725606365,86.5356758155022,97.18370919018182,79.91034558139327,78.51928218767152,88.32816131844008,85.5372531936872
dpo_qwen2vl_mix_v3_127k_fixed_html_code37_origin_64k_epoch1,86.04141571274788,86.91646139588065,86.362557930435,96.95860744054559,80.27654422442717,78.234498100563,88.37487086776859,85.4580519239927
qwen2vl_html_chartbench_mix_v3_127k_fixed,85.89940928425574,86.796042238126,85.69603592597102,97.42122047910348,80.09986948252347,77.98949003910434,88.29043049457644,85.30165398167557
qwen2vl_html_tag_80k_v2,85.86958795413848,86.70771789989415,86.77242104303009,97.33926237329537,79.95570488004368,77.17595033150303,88.10460114282024,85.31083465696804
dpo_qwen2vl_html_chart_stack_data_193k_html_chart_code37_origin_89k_epoch1,85.83956500071828,86.7268987575512,86.2113749185828,96.5851129074832,80.09322784447697,78.10232098077572,88.20578835227273,85.24800916282966
qwen2vl_html_chart_code_data_v2_code_190k—1342,85.8379610463665,86.76176074566293,85.81212593510253,97.04421142995022,80.08966144243618,77.94237951318648,88.30142691115702,85.22209458016886
dpo_qwen2vl_mix_v3_fixed_chart_4o_code_score80_42k-604,85.81340072291525,86.74527559225334,85.5307390965943,96.92575997353087,79.99291037777128,78.31919379219632,88.29840037448346,85.1921508100232
dpo_qwen2vl_v1_code_190k_html_origin_image_7b_27k-386,85.73971821233762,86.75536627843674,86.28185208045903,96.24252077582739,79.51411521066647,78.21198993946665,88.44811305526859,85.06261950160489
qwen2vl_chart_code_data_v1_raw_190k—1342,85.6067156512526,86.68627524158221,85.67094283143646,96.47300608570515,79.86303219093168,77.54105592272484,88.48554122546489,84.88700925769953
InternVL2_5-78B,85.10186850880496,86.08034958372495,85.8150570897049,95.84496037833819,80.60111153738025,75.53706216334325,87.71115137525827,84.44954779219164
qwen2_vl-7b_3072_bsz8_web2code,84.32628936184497,86.18064215587289,84.84546835221757,93.57749404377505,78.36209817008894,75.57515609722387,89.27123014591942,83.09005416582636
qwen2_vl_coder-7b_3072_code_pretrain_bsz128_1e5_web2code_job_4000,83.89656116888187,85.60967318987451,80.9050174676372,94.92634073101989,78.5400396159972,76.64654813822618,88.46485989152893,82.75448648822011
stage2_llm_2nodes_1e5_web2code_bsz128_1e5_web2code_job_fixed-4000,83.21137843509034,84.99000553665252,82.02301208803834,95.24861641265286,78.18042026942976,72.6504593660745,87.9543840392562,82.02562703404887
stage2_llm_2nodes_1e5_web2code_bsz128_1e5_web2code_job_fixed-5820,83.1839691452618,85.12143984947275,81.2052346912926,95.07448886168926,77.788080566584,73.5014839169187,88.35055768982438,81.89232200912114
stage2_llm_2nodes_1e5_web2code_bsz128_1e5_web2code_3000,82.93565044351632,84.88637792440845,80.06693989197188,95.42960435223912,77.94823532853881,73.0958822522698,88.13759039256198,81.63516545625491
qwen2_vl_coder_mn_only-7b_3072_1.5pretrain_bsz128_1e5_web2code_job_5000,82.92617269279545,84.933229563453,80.51632751187012,94.02794063503102,77.42255694850245,74.38571402069138,88.27832434788223,81.58813477902375
qwen2_vl_coder_mn_only-7b_3072_1.5pretrain_bsz128_1e5_web2code_job_3000,82.88287041570446,84.77148475829797,79.086811655494,94.91959749967393,77.04463086069289,75.4441367333742,87.91917532928719,81.62379418730876
qwen2_vl_coder-7b_3072_code_pretrain_bsz128_1e5_web2code_job_5000,82.8804187407131,84.96032161819491,78.76786198072678,94.23857903203749,77.2149715810143,75.75385469578896,88.42682641399794,81.49381682239188
qwen2_vl_coder-7b_3072_code_pretrain_bsz128_1e5_web2code_job_3000,82.85850967870549,84.86869513509616,79.76760133636995,94.35578854573,76.88585525943579,75.06429902291121,88.21900422908058,81.51838604111174
stage2_llm_2nodes_1e5_web2code_bsz128_1e5_web2code_4000,82.76329001218554,84.78671080872003,80.1651982721117,95.20265950505855,77.77861220222746,72.5109012785857,88.15907880294421,81.41434281449585
dpo_mix190k_v2_html_code37_origin_64k_epoch1,82.64417160810726,84.43779276158821,77.47890154449996,95.11100418856428,78.10230060404558,75.10149035270338,87.42716135072314,81.44842417245329
stage2_llm_2nodes_1e5_web2code_bsz128_1e5_web2code_5820,82.63746216025774,84.81032750912287,79.03573355460809,95.2427549281536,77.60040884844021,72.87664371285545,88.43176975723141,81.18888526101433
stage15_3000_llm_2nodes_1e5_web2code_bsz128_1e5_web2code_4000,82.63117366511658,84.71041815539957,78.12970297611493,94.44607970199563,77.57295952813477,74.83130048013305,88.17582563920455,81.2450106715946
dpo_mix190k_html_chart_code37_4oimg_89k-1260,82.55815935915294,84.33247048741609,77.35623091017348,95.14079841662091,78.86011784052222,74.14399392726004,87.28965570118802,81.37528527364417
dpo_mix190k_html_chart_code37_origin_89k-1260,82.55235006465844,84.34306440072274,77.54769055645974,94.8843459100536,78.68172688106154,74.32039868155407,87.32758829416323,81.35854050728224
stage2_llm_2nodes_1e5_web2code_bsz128_1e5_web2code_rick_revised_750k_v1_1500,82.53916753458388,84.50071736084529,79.63172601078871,95.19728337197554,77.19672727702907,72.90013394184503,87.769967071281,81.23146765040958
stage2_llm_2nodes_1e5_web2code_bsz128_1e5_web2code_filter_670k_4000,82.51273096388161,84.44984331291154,79.57383969249146,95.56475706496727,76.94524400731427,72.80145016000695,87.67836389462809,81.22132273119499
stage2_llm_2nodes_1e5_web2code_bsz128_1e5_web2code_filter_669k_new_img_4000,82.51043212161593,84.54468823442292,80.3180965300359,94.80262112341896,77.29195652992082,72.2043713356028,87.93511508910123,81.15426137974463
stage2_llm_2nodes_1e5_web2code_bsz128_1e5_web2code_filter_669k_new_img_4710,82.47352737559703,84.58775259447826,79.75073158982707,95.01287226147234,77.14710411228009,72.34546762179207,88.11146129261364,81.06404389634288
qwen2vl_chartbench_images_46k_code,82.40253910528394,84.44797335689879,82.89936587648401,94.24252677366334,75.80176759839793,71.2120048349508,87.85703044292356,81.03891627087401
dpo_html_chart_mix_v3_4oimg_chart_24k_html_mix52k-734,82.38052629870089,84.18078073808269,77.00535909260734,95.09836333768008,77.90791978401508,74.70978447548293,87.181204803719,81.18035667244635
qwen2_vl_coder_mn_pretrain_LLM_sft-7b_3072_bsz128_1e4_web2code_job_4000,82.36748848562762,84.59914678563246,79.37622017045818,93.12367693222731,77.07592364164543,73.94304439816666,88.3185772856405,80.8797162856244
stage15_3000_llm_2nodes_1e5_web2code_bsz128_1e5_web2code_3000,82.35694836168112,84.4826959269159,77.83031208081489,94.16714613658547,77.02074853653289,74.74092651883193,88.0256085356405,80.93978331819129
stage2_llm_2nodes_1e5_web2code_bsz128_1e5_html_chart_stack_data_193k-1362,82.35500471021473,84.27352024356783,76.95076186324843,95.10990695662579,77.64044916105635,74.60285943765341,87.47104613248968,81.075994354646
stage2_llm_2nodes_1e5_html_chart_code_data_v1_raw_190k-1342,82.30427680375129,84.1837814613128,76.90540646169532,94.61467894342638,78.20155008892192,74.48345930079755,87.31628922391529,81.0512736987103
dpo_html_chart_mix_v3_origin_chart_24k_html_mix52k-734,82.28860717079405,84.11440299995392,77.0803933029262,94.91396683008496,77.47060039659826,74.82067927580714,87.15739604855372,81.07140995135413
dpo_chart32k_html_60k-844,82.2657723394017,84.09634805949177,76.77107533895793,94.8805480182323,77.39266342080275,75.13726732604039,87.14730759297521,81.04538852600834
dpo_mix190k_origin_image_45k_chart_bench_642,82.23461951265338,84.14444497401115,76.144969422496,94.7262966641145,78.29227741339496,74.682066653654,87.32748740960744,80.96140253841487
stage2_llm_2nodes_1e5_web2code_bsz128_1e5_web2code_rick_revised_html_tag_750k_v2_1500,82.23078258906436,84.27381473719285,78.43448040053205,95.47347860626955,76.63392931507227,72.93315630604086,87.67886831740702,80.86876115697869
stage2_llm_2nodes_1e5_html_chart_code_data_v2_code_190k-1342,82.20912989018237,84.08538581236863,76.9547402957588,94.71857010954864,77.73087431990187,74.42898570969015,87.2124790160124,80.95829260872486
stage2_llm_2nodes_1e5_web2code_bsz128_1e5_web2code_filter_669k_new_img_3000,82.20697984381118,84.31413448399357,78.60903743957171,95.14018078754918,77.20233616539652,72.257285942241,87.82605888429752,80.8022100836896
dpo_origin_image_7b_24k_raw-348,82.15477956806734,83.97999059555087,77.26327712189232,95.16343362785584,77.52289008111453,73.80228803478394,87.02200897469008,80.93797221641165
dpo_mix190k_origin_image_7b_32k_score80,82.11144098286454,84.0853527909755,76.48691383895938,94.47431964714337,77.62063331250508,74.60013231122106,87.3752058044938,80.79549977745721
dpo_html_chart_mix_v3_4o_code_score80_42k-604,82.10015902208389,83.99321805325232,77.74811603844297,94.9798292311095,77.25984549068694,73.36468791164698,87.14831643853306,80.8381196679716
dpo_html_chart_mix_v3_origin_image_7b_27k-386,82.06427335025171,83.91740896777739,76.72348453107394,94.8268025005591,77.50118729450227,74.26392409480293,87.00596833032024,80.82884960523455
qwen2_vl_coder_mn_only-7b_3072_1.5pretrain_bsz128_1e5_web2code_job_2000,82.05673276060077,84.18186870464976,78.10013685355153,94.44437154196159,76.41845583903695,73.59693762372238,87.72376194473141,80.63997546456811
dpo_html_chart_mix_chart_html_code_4o_95k-500,82.05589904619718,83.9035493982237,76.6096033043117,94.78020365264203,77.46409324790007,74.442628374531,86.98296665160123,80.82413214484619
stage2_llm_2nodes_1e5_web2code_bsz128_1e5_html_chart_mix_v1_119k_841,82.0475309806266,83.88522958612897,77.17638912840708,95.0742762759818,76.96099088925139,74.07793801419317,86.9480605952996,80.82239857695835
stage2_llm_2nodes_1e5_web2code_bsz128_1e5_img_revised_80k_v1-563,82.03218611616731,83.78461595538478,77.17573444212377,95.09251742757105,77.33198371198502,73.8553626450761,86.70533235408058,80.86389955668899
qwen2_vl_coder_mn_pretrain_LLM_sft-7b_3072_bsz128_1e4_web2code_job_1000,82.01159662884623,84.24048239312575,76.74748095062716,94.14998497583078,77.10050564165954,74.10471957585543,87.95529200025827,80.52567278599324
dpo_mix190k_origin_image_7b_18k_chart_bench_score80_256,82.0085153448629,84.00067080809484,76.47265981471264,94.147889608615,77.86416034520944,74.236937042296,87.32092991348141,80.68041170270828
stage2_llm_2nodes_1e5_web2code_bsz128_1e5_html_chartbench_mix_v3_127k_893,82.0081867446729,83.94262075080279,76.45782405938408,94.96940511316917,77.45476438898262,73.99226273414261,87.16667742768594,80.71856407391962
stage2_llm_2nodes_1e5_web2code_bsz128_1e5_web2code_5000,81.99116031379296,84.24859279926497,79.09078375566675,94.54586823497688,76.51133882003522,71.79683048323426,88.01098027505165,80.48620532347827
qwen2_vl_coder_mn_only-7b_3072_bsz128_1e4_web2code_merger_1500,81.95832867443062,84.15562530304031,77.42641293862094,93.07010993408942,76.78724029822453,74.69009385049509,87.81778635072314,80.4934642553575
qwen2_vl_coder_mn_only-7b_3072_bsz128_1e4_web2code_merger_2000,81.94734025408428,84.18564345603279,77.87132719730752,93.30552911947821,77.16748814486041,73.47620801616159,87.91614879261364,80.45513811945195
dpo_html_chart_mix_v3_dpo_4o_image_7b_32k_score70,81.9385025655637,83.85681012055505,76.383712397121,94.69022950950173,77.48569469040372,74.07888685191809,87.05398937887396,80.65963086223613
pretrain_mm_only-7b_3072_bsz128_1e3_web2code_fixed_3000,81.90505582717418,84.30199255678887,77.94300591395593,92.15563996519721,76.48109397679896,74.64865217377216,88.2968871061467,80.30709800743105
dpo_html_chart_mix_v3_origin_image_7b_32k_score70-458,81.8978945676754,83.84637364670053,76.19875103581101,94.92976824173452,77.51424432243847,73.75287045998385,87.0938387784091,80.59890851499198
dpo_html_chart_mix_v3_html_chart_code37_origin_89k-1260,81.89527166357699,83.88952707440762,76.91258888901041,94.21789631580452,77.14628739929816,73.98629962131317,87.21328609245867,80.56576805635657
stage2_llm_2nodes_1e5_html_code_chart_stack_256k_1811,81.86474242606717,83.87774782068892,76.17556972191754,94.17794438963044,77.21928311021746,74.51815809684516,87.23275681172521,80.52273882965265
dpo_chart_html_origin_41k_72b-580,81.86075228364503,83.76713095901238,76.07458339816337,94.57535787657079,77.28549591934491,74.42389547285472,86.94442875129133,80.58983316673346
qwen2_vl_coder_mn_pretrain_LLM_sft-7b_3072_bsz128_1e4_web2code_job_1500,81.8456514640176,84.21367852832454,78.05017990927581,93.73930341472168,75.59124344492939,73.68714024899175,88.16039030216942,80.26696675447967
stage2_llm_2nodes_1e5_web2code_bsz128_1e5_html_chart_mix_v2_130k_917,81.83180164339463,83.70469804658833,77.69566711982844,94.11865022843489,76.89073590922777,73.62776290757093,86.82619205191115,80.5832040412655
qwen2_vl_coder_mn_only-7b_3072_1.5pretrain_bsz128_1e5_web2code_job_4000,81.82333139317082,84.20059861333895,77.78826551436423,93.19581351585762,76.61271565588292,73.35715163279684,88.16271064695248,80.2384865797254
stage2_llm_2nodes_1e5_web2code_bsz128_1e5_img_revised_html_tag_80k_v2-563,81.76930891399715,83.58948486166662,76.62356753995428,94.8596162985609,77.19321625012022,73.54703304023464,86.62311144111571,80.55585828221751
dpo_html_chart_mix_v3_chart_html_origin_95k-500,81.768800014301,83.72188043249184,75.0418114597655,94.64599714841383,77.18043375035953,74.9987432501562,86.97701446280992,80.46674640217375
stage2_llm_2nodes_1e5_html_chart_stack_data_170k,81.75527373477284,83.7421786061855,76.02992105909266,94.49091632382537,77.34014752827208,73.86169703746741,87.05368672520662,80.43067048716439
dpo_html_chart_mix_v3_chart_v2_4o_img_24k,81.71630391189548,83.63875419629056,75.82542393952573,94.69752273908027,77.27700020464053,73.93873467261515,86.84283800361571,80.43467038896543
dpo_html_chart_mix_v3_mimic_image_7b_27k,81.6905677008705,83.626641393784,76.10923829474278,94.7477383105465,77.13405179447743,73.60837922261274,86.85343088197314,80.39985190559487
stage2_llm_2nodes_1e5_web2code_bsz128_1e5_code20_html80_mix_100k_705,81.66159932917083,83.52489025415636,76.43501078666989,94.81339636695317,76.72377228369044,73.70544207940848,86.63037512913223,80.41940537918049
qwen2_vl_coder_mn_only-7b_3072_1.5pretrain_bsz128_1e5_web2code_merger_job_3000,81.64009028845831,84.06757321747654,78.49264074573982,92.23952363107266,75.15389463997187,74.20101432633366,88.11337809917356,80.0217683357795
stage2_qwencoder2.5_500k_html_chart_code_data_v2_code_190k,81.59404054312921,83.75823217700741,74.24173123065158,94.43189855722406,77.26126830184681,74.67008639245253,87.36521823347107,80.15124612054375
qwen2_vl_coder_mn_only-7b_3072_1.5pretrain_bsz128_1e5_web2code_merger_job_2000,81.58376995206157,83.93177849454132,77.41665980637914,93.0130556792683,75.69177935094397,73.95222885837553,87.8451260653409,80.01843092374175
stage15_3000_llm_2nodes_1e5_web2code_bsz128_1e5_web2code_2000,81.48773199489068,83.81266164275837,76.42848033818589,94.16186478495871,76.4863047450649,72.6744657170393,87.68754438920455,79.9377788963122
pretrain_mm_only-7b_3072_bsz128_1e3_web2code_fixed_1000,81.47858838541708,83.86626700563905,77.13987074163984,92.98347987602438,76.41168432935001,73.0121756073956,87.84573137267562,79.88680263860245
qwen2_vl_coder_mn_only-7b_3072_bsz128_1e4_web2code_merger_5000,81.35270590065146,84.04511089187152,77.27340651757339,91.86776750641916,75.84676534766423,73.24313758769556,88.53245254390497,79.55776923983808
qwen2_vl_coder_mn_only-7b_3072_1.5pretrain_bsz128_1e5_web2code_job_1500,81.34929849228865,83.78977363719358,77.0968603272497,94.21145965490828,75.42145406031864,72.15948620693152,87.85723221203511,79.72231506235204
dpo_html_chart_mix_v3_chart_v1_origin_img_24k,81.31685815415905,83.38002098768463,76.25508754253995,93.8470573254382,76.49058868957765,73.17293150301214,86.81862571022727,79.941416265142
stage2_llm_2nodes_1e5_web2code_bsz128_1e5_web2code_rick_revised_750k_v1_1000,81.31313939797276,83.50761085178048,76.58126359635291,95.24766450181423,75.53405693012287,72.03764868678041,87.16506327479338,79.8501584287676
pretrain_mm_only-7b_3072_bsz128_1e3_pretrain_mix_111k_job_781,81.28625227630397,83.66778313272356,76.97147489823197,92.97300983225473,75.19195246924374,73.6578229550333,87.6370012267562,79.69856503869093
stage2_llm_2nodes_1e5_web2code_bsz128_1e5_web2code_rick_revised_html_tag_750k_v2_1000,81.27487465966287,83.48528432209044,77.10941987643501,95.11261871882223,75.09341519351051,71.88961908341022,87.16930042613636,79.8012682180445
pretrain_mm_only-7b_3072_bsz128_1e3_web2code_fixed_5000,81.05801127454401,83.70453046794847,78.51868952042315,90.79008431445375,75.1759782591007,72.68990848845324,88.11539579028926,79.2936651456077
stage2_llm_2nodes_1e5_web2code_bsz128_1e5_web2code_rick_760k_v1_2000,80.9829047880935,83.27662361013333,75.34058097742322,95.34948480442831,73.8591499512696,73.26581989381332,87.09948831353306,79.45375890673361
stage2_llm_2nodes_1e5_web2code_bsz128_1e5_web2code_rick_760k_v1_3000,80.91848588870467,83.19399028458557,77.48987637097326,94.75480161921004,72.86690435644736,72.49434948583907,86.98649761105372,79.40148295811741
qwen2_vl_coder_mn_pretrain_LLM_sft-7b_3072_bsz128_1e4_web2code_job_2000,80.8773123477373,83.40345655272449,76.15236093273451,91.69292990246876,75.13078140445084,73.79679260466257,87.61369689436982,79.19321621107918
pretrain_mm_only-7b_3072_bsz128_1e3_pretrain_mix_62k_438,80.82613501398953,83.36795237024914,74.38809250495444,93.82657456163223,75.950222397733,72.36147097494612,87.60431463068183,79.13159010981646
qwen2_vl_coder_mn_only-7b_3072_bsz128_1e3_pretrain_mix_114k_job_3072_805,80.81857574823698,83.32395851581444,75.46526311645798,93.93429832824111,75.61379268036957,71.57992815433944,87.49959646177686,79.14832056985203
qwen2_vl_coder_mn_only-7b_3072_bsz128_1e4_web2code_merger_1000,80.71235827373118,83.41778987940455,73.46963241400348,92.58146565948769,75.98898134495707,73.59486939468074,87.92684255552686,78.90873720328224
stage2_llm_2nodes_1e5_web2code_bsz128_1e5_web2code_filter_669k_new_img_1000,80.6623951205053,83.0959775562688,75.37616008460077,94.65252636533423,75.35731763535199,70.77402323469816,87.15194828254133,79.04000682999629
qwen2_vl_coder_mn_pretrain_LLM_sft-7b_3072_bsz128_1e4_web2code_job_3000,80.64001806915086,83.35445586320895,76.03652739962236,91.41734535648284,75.26220148944435,72.60549724689889,87.87851885330579,78.8303928731121
stage2_llm_2nodes_1e5_web2code_bsz128_1e5_web2code_rick_760k_v1_4000,80.57766783478246,83.06825675220779,76.17283814796596,94.30155783237582,73.31986046895733,71.8748444433632,87.21923828125,78.91727522316559
stage2_qwen2_text2.5_500k_html_chart_code_data_v2_code_190k,80.4935280107512,82.59653186460947,73.19481287191293,94.27932943303045,75.30935441621041,73.58260504489556,86.10153828770662,79.09152544151233
stage2_qwen2_text2.5_1M_html_code_chart_stack_256k-1811,80.42379703271479,82.62747846892297,73.35454649591895,94.56155475980566,74.8217421015615,73.08086094368448,86.3002808626033,78.95467607524265
stage2_qwen2_text2.5_1M_html_chart_code_data_v2_code_190k,80.39662646944923,82.62475942095612,73.39721154346266,94.36516054597331,75.23228487961026,72.65016103806555,86.33831434013429,78.91120450177796
qwen2_vl_coder_mn_only-7b_3072_bsz128_1e4_web2code_merger_500,80.36858053015612,82.95721184348601,72.01108042251295,93.63332227062615,76.29480985147059,72.63209274046841,87.27159736570248,78.64282632126952
qwen2_vl_coder_mn_only-7b_3072_bsz128_1e3_pretrain_mix_114k_job_3072_500,80.35778062770568,83.11555947999685,73.55100402376027,93.55226578951421,75.23129737884364,71.74247837926154,87.71185756714877,78.51926139284492
qwen2_vl,80.34172680433072,82.74120648830845,79.30188927457166,93.25774909944792,73.8288978606633,68.5797584920327,86.74033929493802,78.74207368167889
qwen2_vl_coder_mn_only-7b_3072_bsz128_1e4_web2code_merger_6000,80.33828069334386,83.27891114808682,75.4053237473827,90.28636372145249,74.71643120825495,73.10332288363749,88.17996190599173,78.37786039018191
dpo_qwentext25_html_chart_code37_origin_89k_epoch1-630,80.31635904458562,82.4478182255029,72.56366792517028,94.21092183563967,75.65472481303217,73.15223045538775,86.00025019369835,78.89538625730745
dpo_qwentext25_html_chart_code37_origin_89k-1260,80.29304520352098,82.43290658946172,73.01124899052903,94.77336405430698,75.25288317417326,72.42838756589931,85.99934223269628,78.86647094622714
dpo_qwentext25_html_code37_origin_64k-910,80.19028073830441,82.38464377965435,72.78291955523,94.26438613158712,75.37448048943256,72.48770200003484,86.0419155152376,78.72737204407112
dpo_qwentext25_html_chart_code37_origin_89k-500,80.06771592516625,82.41048903784281,72.12881631669906,94.14982321704458,75.23879694124122,72.50603225854275,86.31511089230372,78.50586718338191
pretrain_mm_only-7b_3072_bsz128_1e3_web2code_fixed_2000,80.06538566219923,82.8626726391457,75.62582968235789,90.53343486575251,74.26946562094874,72.37338054121392,87.52481760072314,78.20052767756826
pretrain_mm_only-7b_3072_bsz128_1e3_web2code_fixed_5820,80.0640392197835,82.94521219799226,76.73599907934097,89.50460251241331,74.09483864435055,72.23758870113906,87.74716716167356,78.14325723431097
stage2_llm_2nodes_1e5_web2code_bsz128_1e5_web2code_rick_760k_prompt_added_v2_4000,80.0018116353722,82.47916213797151,75.00559008281516,94.17459341458955,71.71737299696309,72.50342204018949,86.60807964230372,78.35024463363932
stage2_llm_2nodes_1e5_web2code_bsz128_1e5_web2code_rick_760k_prompt_added_v2_2000,79.78159318793138,82.16731059104957,74.30849499108835,95.164429442029,71.24248050516276,72.04905473846355,86.14350626291323,78.1911149191859
stage2_qwen2_text2.5_1M_html_chart_stack_data_193k-1362,79.7800404959451,82.16501604876348,71.16206174112672,93.96184374270473,75.127266872583,72.50905481985029,86.13997530346074,78.19005679406618
stage15_3000_llm_2nodes_1e5_web2code_bsz128_1e5_web2code_1000,79.60797354746589,82.41104935285188,72.9018697297412,93.3836174001717,73.45446454659907,71.21707369898895,87.08284236182851,77.73925634387523
dpo_qwentext25_html_origin_image_7b_27k-386,79.60652262060871,81.98124444521515,71.70805554995555,93.39737106189878,74.82686481389507,72.16120752440162,85.93911415289256,78.02337473753775
qwen2_vl_coder_mn_pretrain_LLM_sft-7b_3072_bsz128_1e4_web2code_job_5000,79.52447925388141,82.60692793146772,74.56605649338933,90.17452865055216,73.04436534813658,72.09310338321743,87.74434239411157,77.46951346882386
pretrain_mm_only-7b_3072_bsz128_1e3_pretrain_mix_111k_job_500,79.46564394512724,82.46956135080912,71.68799958306091,91.66969294456709,74.56822161435403,71.9262152233753,87.47609036027893,77.46303234133933
dpo_qwentext25_html_code37_origin_64k_epoch1-455,79.39304772347438,81.95454588395738,69.85375781874404,93.87749716550469,74.7868793241758,72.22339482418502,86.2237094847624,77.68538228315238
mini_cpm,79.35486113873326,81.18819415905463,85.11521724401238,96.83977626836091,66.33151945311728,64.24404353525217,84.24374919292356,78.13263912518569
pretrain_mm_only-7b_3072_bsz128_1e3_mix_data_ocr_code_pretrain_v2_600k_4248,79.34553535707145,81.9738048856503,74.79247535486407,93.69367721136489,71.88373861121474,70.00353150796525,86.35425409994835,77.59335567135224
stage2_llm_2nodes_1e5_web2code_bsz128_1e5_web2code_rick_revised_750k_v1_500,79.31121132282803,81.76659867590878,73.26551852683151,94.73451086686185,73.11981252381237,69.57730376559105,85.85891093104338,77.6742864207742
stage2_llm_2nodes_1e5_web2code_bsz128_1e5_web2code_rick_revised_html_tag_750k_v2_500,79.27464807389687,81.76459191666592,73.7170668168969,94.22941807272026,73.11686584855767,69.39539131002853,85.914498321281,77.61468551205084
pretrain_mm_only-7b_3072_bsz128_1e3_mix_data_ocr_code_pretrain_v2_600k_3000,78.9960570321196,81.8039568461659,71.72578665737554,94.28163394717922,71.87270156024057,70.61637312622616,86.48378986957644,77.12412382275538
pretrain_mm_only-7b_3072_bsz128_1e3_mix_data_ocr_code_pretrain_v3_478k_3000,78.95884504359458,81.82984274257461,71.15880348783755,92.96800901612005,73.28702284429372,70.76555096218024,86.61483890754133,77.04484657760788
qwen2_vl_coder_mn_pretrain_LLM_sft-7b_3072_bsz128_1e4_web2code_job,78.934373621265,82.21189453714781,74.49719290774958,89.3144919364794,71.81595986436649,71.36979400077708,87.67442939695248,76.74935967734314
qwen2_vl_coder_mn_only-7b_3072_bsz128_1e4_web2code_merger_7000,78.56113752839612,81.9206638018062,72.51900533458027,88.46438303515527,72.1511054648908,72.15131954986458,87.51987425748968,76.32145334612272
stage15_3000_llm_2nodes_1e5_web2code_bsz128_1e5_web2code_500,78.46096398967907,81.24298742462508,71.46776290273658,92.9839044787094,71.94632533282216,70.0271340845921,85.87969314953511,76.60628169971505
qwen2_vl_coder_mn_only-7b_3072_bsz128_1e4_web2code_merger_8000,78.06978336616804,81.62930544111613,73.38490072851191,87.38703725604866,71.44722481307197,70.56791180051133,87.56184223269628,75.69676864953595
InternVL2_5-26B,78.0677125353282,80.33174551455818,75.8564945588969,92.83612528035631,68.99808393208046,68.54272509203251,84.10513381327479,76.55835721584154
pretrain_mm_only-7b_3072_bsz128_1e3_mix_data_ocr_code_pretrain_v2_600k_2000,77.71568013712862,80.91039046212585,68.35500351631364,92.41917884990039,71.54236808341541,70.02694256555915,86.23490767045455,75.58587325379715
llava-onevision-qwen2-72b-ov-hf,77.30832731272928,80.46527446327605,74.5631602306084,88.59577177265089,70.63871450250247,67.01713701036395,85.72685304752066,75.20369587903143
pretrain_mm_only-7b_3072_bsz128_1e3_mix_data_ocr_code_pretrain_578k_3000,77.17066071141045,80.36281387599774,71.8220419061907,89.74269660361955,71.47959077625354,67.1259051206785,85.68306915030992,75.04255860168557
pretrain_mm_only-7b_3072_bsz128_1e3_mix_data_ocr_code_pretrain_v4_526k_3000,77.00549086873684,80.45513482514673,66.52632714830322,90.83536694316365,71.63986283596743,69.82135599708666,86.20454141916323,74.70572823113024
pretrain_mm_only-7b_3072_bsz128_1e3_mix_data_ocr_code_pretrain_v2_600k_1000,76.9210308970073,80.36341851485219,62.963832659230356,92.56184372369472,72.63700430073938,70.34174259011165,86.10073121126032,74.62610581844403
pretrain_mm_only-7b_3072_bsz128_1e3_mix_data_ocr_code_pretrain_v4_526k_3699,76.70232070722335,80.15991384916852,67.45533892051233,89.56179541767712,71.21106506645233,69.36083504573118,85.9225690857438,74.39725861259325
InternVL2_5-8B,76.39000297554568,79.29335376925893,74.15609738868466,89.46011100449284,67.02647555847004,67.1750591672999,84.132271758781,74.45443577973685
stage2_llm_2nodes_1e5_web2code_bsz128_1e5_chart_evol_bench_mix_v1_97k-685,76.32988168501711,79.65100582053626,67.45118929953571,89.91467993938318,71.41627858404394,67.68104788905454,85.18621271306817,74.11579892800435
stage2_llm_2nodes_1e5_web2code_bsz128_1e5_chart_revised_evol_bench_mix_v2_137k-963,76.21095834132268,79.53075103670606,68.14613655347817,88.73979818929512,71.2082655531283,67.89685254836671,85.06373886234503,73.99776321106708
pretrain_mm_only-7b_3072_bsz128_1e3_mix_data_ocr_code_pretrain_578k_4066,75.67984643759608,79.31059879525634,69.83795269046934,87.22341690522715,70.02130590460614,65.95470396298775,85.36185272469008,73.2593448658226
pretrain_mm_only-7b_3072_bsz128_1e3_mix_data_ocr_code_pretrain_578k_1000,75.66385452198186,79.20950509412347,62.45293717269315,90.92883221258685,71.79198939442605,68.02659111584373,85.1189227143595,73.30008747388746
llava_onevision,75.54647721039771,79.04304043996319,70.83894918728461,87.17610364615595,70.13999302152989,64.70669437444579,84.87064582257231,73.21543505735406
pretrain_mm_only-7b_3072_bsz128_1e3_mix_data_ocr_code_pretrain_578k_4000,75.40422978985666,79.15536265920792,69.4090966386263,87.06694419555491,69.3062269218558,65.83163041845287,85.40725077479338,72.90347454362247
llama3.2_vl_batch,75.1392519527007,78.78069349025974,71.06657484391337,86.4376744889612,69.52926029634436,63.81298741475978,84.84976271952479,72.71162426099468
pretrain_mm_only-7b_3072_bsz128_1e3_mix_data_ocr_code_pretrain_578k_3500,73.78660105359738,78.06353616986199,66.53712035413368,85.0298196147937,67.62720284171941,64.54710109370376,85.19176136363636,70.93531097608764
stage2_llm_2nodes_1e5_web2code_bsz128_1e5_code_revised_evol_50k_355,73.69262262578104,77.67403702576578,60.55246855278933,87.80529040763982,69.52649467698376,66.26913179908524,84.30972769240702,71.03834635912453
stage2_llm_2nodes_1e5_web2code_bsz128_1e5_chart_evol_40k_282,72.00462745533777,76.51636478758843,57.15989426629725,86.36330683397003,68.53211495015312,63.931894218262286,84.0359270080062,68.99680256717066
qwen2_text2.5_pretrain_llava_stage2_1M_job,70.38441437986481,75.02357157215853,56.369232379374715,84.8251396001714,64.76728568014633,63.20491401365016,82.75550022598141,67.29164291833565
stage2_llm_2nodes_1e5_web2code_bsz128_1e5_chartbench_images_46k_code-330,70.09195119234477,74.94069562189419,57.201809625074304,83.12913500661071,64.69292272236305,62.41395226986576,83.02193633780992,66.85945490597847
dpo_qwen2vl_v3_html_chart_code37_origin_89k-1260,69.58219761276989,74.70018428083758,56.488757073219865,82.12577261232855,64.48701014989868,61.57928616745192,83.2301620609504,66.17020650072476
stage2_llm_2nodes_1e5_web2code_bsz128_1e5_chart52k_369,68.74133991876965,73.77215667621321,55.116454114311885,81.82769489990594,62.6687758361419,61.936923471536076,82.15685127195248,65.38746208047395
qwen2vl_text2_5_7b_llava_500k_job,67.8442841002439,73.12304625535,54.51329815911868,82.73957251737158,60.193233792283166,59.85433285191919,81.92098318052686,64.32510933017315
pretrain_mm_only-7b_3072_bsz128_1e3_mix_data_ocr_code_pretrain_578k_2000,66.39362736460099,72.37679223927154,50.026546141960495,76.15646090202259,61.70848969794028,61.72790638402586,82.34873369705579,62.4048507814873
pretrain_mm_only-7b_3072_bsz128_1e3_mix_data_ocr_code_pretrain_578k_1500,62.01306552199247,69.3198306271234,46.68198705546199,68.80509001740954,56.32710405699803,56.75337401108448,81.49777246900827,57.141888785238514
qwen2vl_html_chartbench_mix_v3_127k,58.82167909723891,67.19730510548636,42.897606712265826,69.27480469648094,51.21766381025705,49.56163848129196,81.15668178589877,53.237928425073946
qwen2_text2.qwen2vl_coder7b_llava_500k_job,57.21180957296234,66.45308340190958,39.33038119504246,64.69209736282959,49.57503773016446,50.6063251266202,81.85520645015497,51.05096035366419
dpo_qwen2vl_v1_code_190k_chart_html_origin_95k_1340,57.135615493909434,66.01628731799092,41.209974454373416,66.70740390077252,49.166076756533094,47.7772153330747,80.81740702479338,51.21516761118844
dpo_qwen2vl_v1_code_190k_html_chart_code37_origin_89k_1260,56.07440368052197,65.33778375613073,41.21096257961694,64.62059480707877,47.39497785456045,46.3687326125417,80.77675054881198,49.89881696344946
stage2_llm_2nodes_1e5_web2code_bsz128_1e5_chartbench_images_46k_raw_answer-330,53.41680613426604,64.27925524630005,36.308133936796786,57.8694325072527,45.84495556384721,44.67817156374343,82.38333709969008,46.17517339291003
qwen2_vl_mm_only-7b_3072_bsz128_1e3_pretrain_llava_stage2_1M_job_4000,40.985250654590935,54.358157308815876,10.945879089006018,39.9202700429892,36.1971335507559,41.21663552434613,76.64633506585744,32.06997955177432
stage2_llm_2nodes_1e5_web2code_bsz128_1e5_revised_cot_39k_276,39.20391083894691,54.54225836428242,24.185733753294027,35.9120966167294,28.70845755654351,27.10709536165936,80.10617090650827,28.97834582205657
qwen2_vl_coder_mn_only-7b_3072_bsz128_1e4_mid_lenqi_1M_job_3000,36.95670600007159,52.20679265920022,27.665592436302987,27.92267794284183,23.858138950343633,27.713516913121566,77.62360375774794,26.789981560652503
qwen2_vl_coder_mn_only-7b_3072_bsz128_1e4_mid_lenqi_1M_job_5000,36.72773655186578,51.967102402476804,28.9274462756159,27.805304446512498,22.904028919927832,26.635857630444153,77.36604548682851,26.568159318125094
qwen2_vl_coder_mn_only-7b_3072_bsz128_1e4_mid_lenqi_1M_job_4000,36.367770212947505,51.77450738305991,27.03386464065245,27.257512233026272,23.65983326220633,26.435238262271888,77.45240266658058,26.096612099539236
qwen2_vl_coder_mn_only-7b_3072_bsz128_1e4_mid_lenqi_1M_job_6000,36.12451092205183,51.58883793746525,28.342168710601957,26.52769838476276,22.688000654832226,25.701970563574584,77.3627162964876,25.81495957844289
qwen2_vl_mm_only-7b_3072_bsz128_1e3_pretrain_llava_stage2_1M_job_3000,32.712587304661525,49.18237061251444,7.205285010765063,27.03352633431822,25.60091529436782,27.09120042492062,76.63200945893594,21.73273176609293
qwen2_vl_mm_only-7b_3072_bsz128_1e3_pretrain_llava_stage2_1M_job_2000,29.948292161132866,47.52758784993325,7.789911408060157,22.23683814952909,19.589255208829695,23.299042041311488,76.82641399793388,18.22876170193261
qwen2_vl_mm_only-7b_3072_bsz128_1e3_pretrain_llava_stage2_1M_job_7000,27.426496621750335,45.859231932692616,4.061674668867076,18.943605107251198,16.747592217163284,20.79915366454037,76.58045745092976,15.138006414455482
qwen2_vl_mm_only-7b_3072_bsz128_1e3_pretrain_llava_stage2_1M_job_7660,26.676430677707767,45.38870045907872,3.937667865094631,17.847328475576244,15.57956298526858,19.44177730123576,76.57581676136364,14.201584156793803
qwen2_vl_mm_only-7b_3072_bsz128_1e3_pretrain_llava_stage2_1M_job_5000,26.226927198166294,45.100761918307704,4.6390007755058065,16.794005089406603,14.331151568690025,18.813325438685634,76.55715311854338,13.644370718072018
qwen2_vl_mm_only-7b_3072_bsz128_1e3_pretrain_llava_stage2_1M_job_6000,25.679977959781564,44.78831388175914,4.11257643781365,16.134073597129262,13.935630720244765,17.582068625331708,76.63554041838843,12.941087345129846
Llama-3.2-90B-Vision-Instruct,25.3386219840673,45.44615497842016,8.868222404426412,16.043450087727756,11.500041435056637,11.322686024117417,78.95870996900827,11.933599987832057
qwen2_vl_coder_mn_only-7b_3072_bsz64_test_job,23.606540632887576,43.59823084089952,5.507763384995592,11.947868775447173,12.075488688938908,11.5838677941368,76.91771452091942,10.278747160879616
qwen2_vl_coder_mn_only-7b_3072_bsz128_1e4_test_job_2500,16.893408680284256,39.611619222956584,1.0401855088313365,1.9181552596304112,2.1575185574989204,1.8758806147168072,77.4753034607438,1.7479349851693686
qwen2_vl_coder_mn_only-7b_3072_bsz128_1e4_test_job_1000,16.51271517955121,39.42324532302787,0.6223655435943806,1.7256486217334603,1.4961134785353536,1.1119860250705538,77.60746222882231,1.239028417233437
qwen2_vl_coder_mn_only-7b_3072_bsz128_1e4_test_job_2000,16.159902228168587,39.11943180647417,0.5767411560325617,0.894923803908999,1.0979740837059218,0.8445576602119963,77.38531443698346,0.8535491759648697
qwen2_vl_coder_mn_only-7b_3072_bsz128_1e4_test_job_1500,15.89851042404667,38.92912575250334,0.37006192280067324,0.6610112678661066,0.6043448622668152,0.5436494340352845,77.31348463326447,0.5447668717422199
